Date,Value
1900/1/1,3.15%
1900/2/1,3.15%
1900/3/1,3.14%
1900/4/1,3.14%
1900/5/1,3.13%
1900/6/1,3.13%
1900/7/1,3.12%
1900/8/1,3.12%
1900/9/1,3.12%
1900/10/1,3.11%
1900/11/1,3.11%
1900/12/1,3.10%
1901/1/1,3.10%
1901/2/1,3.11%
1901/3/1,3.11%
1901/4/1,3.12%
1901/5/1,3.13%
1901/6/1,3.13%
1901/7/1,3.14%
1901/8/1,3.15%
1901/9/1,3.15%
1901/10/1,3.16%
1901/11/1,3.17%
1901/12/1,3.17%
1902/1/1,3.18%
1902/2/1,3.19%
1902/3/1,3.20%
1902/4/1,3.21%
1902/5/1,3.22%
1902/6/1,3.23%
1902/7/1,3.24%
1902/8/1,3.25%
1902/9/1,3.26%
1902/10/1,3.27%
1902/11/1,3.28%
1902/12/1,3.29%
1903/1/1,3.30%
1903/2/1,3.31%
1903/3/1,3.32%
1903/4/1,3.33%
1903/5/1,3.33%
1903/6/1,3.34%
1903/7/1,3.35%
1903/8/1,3.36%
1903/9/1,3.37%
1903/10/1,3.38%
1903/11/1,3.38%
1903/12/1,3.39%
1904/1/1,3.40%
1904/2/1,3.41%
1904/3/1,3.41%
1904/4/1,3.42%
1904/5/1,3.43%
1904/6/1,3.43%
1904/7/1,3.44%
1904/8/1,3.45%
1904/9/1,3.45%
1904/10/1,3.46%
1904/11/1,3.47%
1904/12/1,3.47%
1905/1/1,3.48%
1905/2/1,3.48%
1905/3/1,3.47%
1905/4/1,3.47%
1905/5/1,3.46%
1905/6/1,3.46%
1905/7/1,3.45%
1905/8/1,3.45%
1905/9/1,3.45%
1905/10/1,3.44%
1905/11/1,3.44%
1905/12/1,3.43%
1906/1/1,3.43%
1906/2/1,3.45%
1906/3/1,3.47%
1906/4/1,3.49%
1906/5/1,3.51%
1906/6/1,3.53%
1906/7/1,3.55%
1906/8/1,3.57%
1906/9/1,3.59%
1906/10/1,3.61%
1906/11/1,3.63%
1906/12/1,3.65%
1907/1/1,3.67%
1907/2/1,3.69%
1907/3/1,3.70%
1907/4/1,3.72%
1907/5/1,3.74%
1907/6/1,3.75%
1907/7/1,3.77%
1907/8/1,3.79%
1907/9/1,3.80%
1907/10/1,3.82%
1907/11/1,3.84%
1907/12/1,3.85%
1908/1/1,3.87%
1908/2/1,3.86%
1908/3/1,3.85%
1908/4/1,3.84%
1908/5/1,3.83%
1908/6/1,3.82%
1908/7/1,3.82%
1908/8/1,3.81%
1908/9/1,3.80%
1908/10/1,3.79%
1908/11/1,3.78%
1908/12/1,3.77%
1909/1/1,3.76%
1909/2/1,3.77%
1909/3/1,3.79%
1909/4/1,3.80%
1909/5/1,3.81%
1909/6/1,3.82%
1909/7/1,3.84%
1909/8/1,3.85%
1909/9/1,3.86%
1909/10/1,3.87%
1909/11/1,3.88%
1909/12/1,3.90%
1910/1/1,3.91%
1910/2/1,3.92%
1910/3/1,3.92%
1910/4/1,3.93%
1910/5/1,3.93%
1910/6/1,3.94%
1910/7/1,3.94%
1910/8/1,3.95%
1910/9/1,3.96%
1910/10/1,3.96%
1910/11/1,3.97%
1910/12/1,3.97%
1911/1/1,3.98%
1911/2/1,3.98%
1911/3/1,3.98%
1911/4/1,3.99%
1911/5/1,3.99%
1911/6/1,3.99%
1911/7/1,3.99%
1911/8/1,4.00%
1911/9/1,4.00%
1911/10/1,4.00%
1911/11/1,4.01%
1911/12/1,4.01%
1912/1/1,4.01%
1912/2/1,4.05%
1912/3/1,4.08%
1912/4/1,4.12%
1912/5/1,4.16%
1912/6/1,4.19%
1912/7/1,4.23%
1912/8/1,4.27%
1912/9/1,4.30%
1912/10/1,4.34%
1912/11/1,4.38%
1912/12/1,4.41%
1913/1/1,4.45%
1913/2/1,4.43%
1913/3/1,4.40%
1913/4/1,4.38%
1913/5/1,4.35%
1913/6/1,4.33%
1913/7/1,4.30%
1913/8/1,4.28%
1913/9/1,4.26%
1913/10/1,4.23%
1913/11/1,4.21%
1913/12/1,4.18%
1914/1/1,4.16%
1914/2/1,4.17%
1914/3/1,4.17%
1914/4/1,4.18%
1914/5/1,4.19%
1914/6/1,4.19%
1914/7/1,4.20%
1914/8/1,4.21%
1914/9/1,4.21%
1914/10/1,4.22%
1914/11/1,4.23%
1914/12/1,4.23%
1915/1/1,4.24%
1915/2/1,4.22%
1915/3/1,4.21%
1915/4/1,4.19%
1915/5/1,4.18%
1915/6/1,4.16%
1915/7/1,4.14%
1915/8/1,4.13%
1915/9/1,4.11%
1915/10/1,4.10%
1915/11/1,4.08%
1915/12/1,4.07%
1916/1/1,4.05%
1916/2/1,4.07%
1916/3/1,4.08%
1916/4/1,4.09%
1916/5/1,4.11%
1916/6/1,4.12%
1916/7/1,4.14%
1916/8/1,4.16%
1916/9/1,4.17%
1916/10/1,4.18%
1916/11/1,4.20%
1916/12/1,4.22%
1917/1/1,4.23%
1917/2/1,4.26%
1917/3/1,4.29%
1917/4/1,4.32%
1917/5/1,4.34%
1917/6/1,4.37%
1917/7/1,4.40%
1917/8/1,4.43%
1917/9/1,4.46%
1917/10/1,4.49%
1917/11/1,4.51%
1917/12/1,4.54%
1918/1/1,4.57%
1918/2/1,4.56%
1918/3/1,4.56%
1918/4/1,4.55%
1918/5/1,4.55%
1918/6/1,4.54%
1918/7/1,4.53%
1918/8/1,4.53%
1918/9/1,4.52%
1918/10/1,4.52%
1918/11/1,4.51%
1918/12/1,4.51%
1919/1/1,4.50%
1919/2/1,4.54%
1919/3/1,4.58%
1919/4/1,4.62%
1919/5/1,4.66%
1919/6/1,4.70%
1919/7/1,4.74%
1919/8/1,4.77%
1919/9/1,4.81%
1919/10/1,4.85%
1919/11/1,4.89%
1919/12/1,4.93%
1920/1/1,4.97%
1920/2/1,4.98%
1920/3/1,4.99%
1920/4/1,5.00%
1920/5/1,5.01%
1920/6/1,5.02%
1920/7/1,5.03%
1920/8/1,5.04%
1920/9/1,5.05%
1920/10/1,5.06%
1920/11/1,5.07%
1920/12/1,5.08%
1921/1/1,5.09%
1921/2/1,5.02%
1921/3/1,4.96%
1921/4/1,4.89%
1921/5/1,4.83%
1921/6/1,4.76%
1921/7/1,4.70%
1921/8/1,4.63%
1921/9/1,4.56%
1921/10/1,4.50%
1921/11/1,4.43%
1921/12/1,4.37%
1922/1/1,4.30%
1922/2/1,4.30%
1922/3/1,4.31%
1922/4/1,4.32%
1922/5/1,4.32%
1922/6/1,4.32%
1922/7/1,4.33%
1922/8/1,4.34%
1922/9/1,4.34%
1922/10/1,4.34%
1922/11/1,4.35%
1922/12/1,4.36%
1923/1/1,4.36%
1923/2/1,4.34%
1923/3/1,4.31%
1923/4/1,4.28%
1923/5/1,4.26%
1923/6/1,4.24%
1923/7/1,4.21%
1923/8/1,4.18%
1923/9/1,4.16%
1923/10/1,4.14%
1923/11/1,4.11%
1923/12/1,4.09%
1924/1/1,4.06%
1924/2/1,4.04%
1924/3/1,4.03%
1924/4/1,4.01%
1924/5/1,3.99%
1924/6/1,3.98%
1924/7/1,3.96%
1924/8/1,3.94%
1924/9/1,3.93%
1924/10/1,3.91%
1924/11/1,3.89%
1924/12/1,3.88%
1925/1/1,3.86%
1925/2/1,3.85%
1925/3/1,3.83%
1925/4/1,3.82%
1925/5/1,3.80%
1925/6/1,3.79%
1925/7/1,3.77%
1925/8/1,3.76%
1925/9/1,3.74%
1925/10/1,3.72%
1925/11/1,3.71%
1925/12/1,3.69%
1926/1/1,3.68%
1926/2/1,3.65%
1926/3/1,3.62%
1926/4/1,3.60%
1926/5/1,3.57%
1926/6/1,3.54%
1926/7/1,3.51%
1926/8/1,3.48%
1926/9/1,3.45%
1926/10/1,3.42%
1926/11/1,3.40%
1926/12/1,3.37%
1927/1/1,3.34%
1927/2/1,3.34%
1927/3/1,3.34%
1927/4/1,3.34%
1927/5/1,3.34%
1927/6/1,3.34%
1927/7/1,3.34%
1927/8/1,3.33%
1927/9/1,3.33%
1927/10/1,3.33%
1927/11/1,3.33%
1927/12/1,3.33%
1928/1/1,3.33%
1928/2/1,3.35%
1928/3/1,3.38%
1928/4/1,3.40%
1928/5/1,3.42%
1928/6/1,3.44%
1928/7/1,3.46%
1928/8/1,3.49%
1928/9/1,3.51%
1928/10/1,3.53%
1928/11/1,3.56%
1928/12/1,3.58%
1929/1/1,3.60%
1929/2/1,3.57%
1929/3/1,3.55%
1929/4/1,3.52%
1929/5/1,3.50%
1929/6/1,3.47%
1929/7/1,3.44%
1929/8/1,3.42%
1929/9/1,3.39%
1929/10/1,3.37%
1929/11/1,3.34%
1929/12/1,3.32%
1930/1/1,3.29%
1930/2/1,3.29%
1930/3/1,3.30%
1930/4/1,3.30%
1930/5/1,3.31%
1930/6/1,3.31%
1930/7/1,3.32%
1930/8/1,3.32%
1930/9/1,3.32%
1930/10/1,3.33%
1930/11/1,3.33%
1930/12/1,3.34%
1931/1/1,3.34%
1931/2/1,3.37%
1931/3/1,3.40%
1931/4/1,3.42%
1931/5/1,3.45%
1931/6/1,3.48%
1931/7/1,3.51%
1931/8/1,3.54%
1931/9/1,3.57%
1931/10/1,3.60%
1931/11/1,3.62%
1931/12/1,3.65%
1932/1/1,3.68%
1932/2/1,3.65%
1932/3/1,3.62%
1932/4/1,3.59%
1932/5/1,3.56%
1932/6/1,3.53%
1932/7/1,3.49%
1932/8/1,3.46%
1932/9/1,3.43%
1932/10/1,3.40%
1932/11/1,3.37%
1932/12/1,3.34%
1933/1/1,3.31%
1933/2/1,3.29%
1933/3/1,3.28%
1933/4/1,3.26%
1933/5/1,3.25%
1933/6/1,3.23%
1933/7/1,3.21%
1933/8/1,3.20%
1933/9/1,3.18%
1933/10/1,3.17%
1933/11/1,3.15%
1933/12/1,3.14%
1934/1/1,3.12%
1934/2/1,3.09%
1934/3/1,3.07%
1934/4/1,3.04%
1934/5/1,3.01%
1934/6/1,2.98%
1934/7/1,2.95%
1934/8/1,2.93%
1934/9/1,2.90%
1934/10/1,2.87%
1934/11/1,2.85%
1934/12/1,2.82%
1935/1/1,2.79%
1935/2/1,2.78%
1935/3/1,2.77%
1935/4/1,2.76%
1935/5/1,2.74%
1935/6/1,2.73%
1935/7/1,2.72%
1935/8/1,2.71%
1935/9/1,2.70%
1935/10/1,2.68%
1935/11/1,2.67%
1935/12/1,2.66%
1936/1/1,2.65%
1936/2/1,2.65%
1936/3/1,2.65%
1936/4/1,2.66%
1936/5/1,2.66%
1936/6/1,2.66%
1936/7/1,2.66%
1936/8/1,2.67%
1936/9/1,2.67%
1936/10/1,2.67%
1936/11/1,2.67%
1936/12/1,2.68%
1937/1/1,2.68%
1937/2/1,2.67%
1937/3/1,2.66%
1937/4/1,2.65%
1937/5/1,2.64%
1937/6/1,2.63%
1937/7/1,2.62%
1937/8/1,2.61%
1937/9/1,2.60%
1937/10/1,2.59%
1937/11/1,2.58%
1937/12/1,2.57%
1938/1/1,2.56%
1938/2/1,2.54%
1938/3/1,2.53%
1938/4/1,2.51%
1938/5/1,2.49%
1938/6/1,2.48%
1938/7/1,2.46%
1938/8/1,2.44%
1938/9/1,2.43%
1938/10/1,2.41%
1938/11/1,2.39%
1938/12/1,2.38%
1939/1/1,2.36%
1939/2/1,2.35%
1939/3/1,2.34%
1939/4/1,2.32%
1939/5/1,2.31%
1939/6/1,2.30%
1939/7/1,2.29%
1939/8/1,2.27%
1939/9/1,2.26%
1939/10/1,2.25%
1939/11/1,2.23%
1939/12/1,2.22%
1940/1/1,2.21%
1940/2/1,2.19%
1940/3/1,2.17%
1940/4/1,2.14%
1940/5/1,2.12%
1940/6/1,2.10%
1940/7/1,2.08%
1940/8/1,2.06%
1940/9/1,2.04%
1940/10/1,2.02%
1940/11/1,1.99%
1940/12/1,1.97%
1941/1/1,1.95%
1941/2/1,1.99%
1941/3/1,2.04%
1941/4/1,2.08%
1941/5/1,2.12%
1941/6/1,2.16%
1941/7/1,2.20%
1941/8/1,2.25%
1941/9/1,2.29%
1941/10/1,2.33%
1941/11/1,2.38%
1941/12/1,2.42%
1942/1/1,2.46%
1942/2/1,2.46%
1942/3/1,2.46%
1942/4/1,2.46%
1942/5/1,2.46%
1942/6/1,2.46%
1942/7/1,2.46%
1942/8/1,2.47%
1942/9/1,2.47%
1942/10/1,2.47%
1942/11/1,2.47%
1942/12/1,2.47%
1943/1/1,2.47%
1943/2/1,2.47%
1943/3/1,2.47%
1943/4/1,2.47%
1943/5/1,2.47%
1943/6/1,2.47%
1943/7/1,2.47%
1943/8/1,2.48%
1943/9/1,2.48%
1943/10/1,2.48%
1943/11/1,2.48%
1943/12/1,2.48%
1944/1/1,2.48%
1944/2/1,2.47%
1944/3/1,2.46%
1944/4/1,2.45%
1944/5/1,2.44%
1944/6/1,2.43%
1944/7/1,2.42%
1944/8/1,2.42%
1944/9/1,2.41%
1944/10/1,2.40%
1944/11/1,2.39%
1944/12/1,2.38%
1945/1/1,2.37%
1945/2/1,2.36%
1945/3/1,2.34%
1945/4/1,2.33%
1945/5/1,2.31%
1945/6/1,2.30%
1945/7/1,2.28%
1945/8/1,2.27%
1945/9/1,2.25%
1945/10/1,2.23%
1945/11/1,2.22%
1945/12/1,2.20%
1946/1/1,2.19%
1946/2/1,2.19%
1946/3/1,2.20%
1946/4/1,2.20%
1946/5/1,2.21%
1946/6/1,2.21%
1946/7/1,2.22%
1946/8/1,2.22%
1946/9/1,2.23%
1946/10/1,2.23%
1946/11/1,2.24%
1946/12/1,2.24%
1947/1/1,2.25%
1947/2/1,2.27%
1947/3/1,2.28%
1947/4/1,2.30%
1947/5/1,2.31%
1947/6/1,2.33%
1947/7/1,2.35%
1947/8/1,2.36%
1947/9/1,2.38%
1947/10/1,2.39%
1947/11/1,2.41%
1947/12/1,2.42%
1948/1/1,2.44%
1948/2/1,2.43%
1948/3/1,2.42%
1948/4/1,2.41%
1948/5/1,2.40%
1948/6/1,2.39%
1948/7/1,2.38%
1948/8/1,2.36%
1948/9/1,2.35%
1948/10/1,2.34%
1948/11/1,2.33%
1948/12/1,2.32%
1949/1/1,2.31%
1949/2/1,2.31%
1949/3/1,2.31%
1949/4/1,2.31%
1949/5/1,2.31%
1949/6/1,2.31%
1949/7/1,2.32%
1949/8/1,2.32%
1949/9/1,2.32%
1949/10/1,2.32%
1949/11/1,2.32%
1949/12/1,2.32%
1950/1/1,2.32%
1950/2/1,2.34%
1950/3/1,2.36%
1950/4/1,2.38%
1950/5/1,2.40%
1950/6/1,2.42%
1950/7/1,2.44%
1950/8/1,2.47%
1950/9/1,2.49%
1950/10/1,2.51%
1950/11/1,2.53%
1950/12/1,2.55%
1951/1/1,2.57%
1951/2/1,2.58%
1951/3/1,2.59%
1951/4/1,2.60%
1951/5/1,2.61%
1951/6/1,2.62%
1951/7/1,2.62%
1951/8/1,2.63%
1951/9/1,2.64%
1951/10/1,2.65%
1951/11/1,2.66%
1951/12/1,2.67%
1952/1/1,2.68%
1952/2/1,2.69%
1952/3/1,2.70%
1952/4/1,2.72%
1952/5/1,2.73%
1952/6/1,2.74%
1952/7/1,2.76%
1952/8/1,2.77%
1952/9/1,2.78%
1952/10/1,2.79%
1952/11/1,2.81%
1952/12/1,2.82%
1953/1/1,2.83%
1953/2/1,2.80%
1953/3/1,2.77%
1953/4/1,2.83%
1953/5/1,3.05%
1953/6/1,3.11%
1953/7/1,2.93%
1953/8/1,2.95%
1953/9/1,2.87%
1953/10/1,2.66%
1953/11/1,2.68%
1953/12/1,2.59%
1954/1/1,2.48%
1954/2/1,2.47%
1954/3/1,2.37%
1954/4/1,2.29%
1954/5/1,2.37%
1954/6/1,2.38%
1954/7/1,2.30%
1954/8/1,2.36%
1954/9/1,2.38%
1954/10/1,2.43%
1954/11/1,2.48%
1954/12/1,2.51%
1955/1/1,2.61%
1955/2/1,2.65%
1955/3/1,2.68%
1955/4/1,2.75%
1955/5/1,2.76%
1955/6/1,2.78%
1955/7/1,2.90%
1955/8/1,2.97%
1955/9/1,2.97%
1955/10/1,2.88%
1955/11/1,2.89%
1955/12/1,2.96%
1956/1/1,2.90%
1956/2/1,2.84%
1956/3/1,2.96%
1956/4/1,3.18%
1956/5/1,3.07%
1956/6/1,3.00%
1956/7/1,3.11%
1956/8/1,3.33%
1956/9/1,3.38%
1956/10/1,3.34%
1956/11/1,3.49%
1956/12/1,3.59%
1957/1/1,3.46%
1957/2/1,3.34%
1957/3/1,3.41%
1957/4/1,3.48%
1957/5/1,3.60%
1957/6/1,3.80%
1957/7/1,3.93%
1957/8/1,3.93%
1957/9/1,3.92%
1957/10/1,3.97%
1957/11/1,3.72%
1957/12/1,3.21%
1958/1/1,3.09%
1958/2/1,3.05%
1958/3/1,2.98%
1958/4/1,2.88%
1958/5/1,2.92%
1958/6/1,2.97%
1958/7/1,3.20%
1958/8/1,3.54%
1958/9/1,3.76%
1958/10/1,3.80%
1958/11/1,3.74%
1958/12/1,3.86%
1959/1/1,4.02%
1959/2/1,3.96%
1959/3/1,3.99%
1959/4/1,4.12%
1959/5/1,4.31%
1959/6/1,4.34%
1959/7/1,4.40%
1959/8/1,4.43%
1959/9/1,4.68%
1959/10/1,4.53%
1959/11/1,4.53%
1959/12/1,4.69%
1960/1/1,4.72%
1960/2/1,4.49%
1960/3/1,4.25%
1960/4/1,4.28%
1960/5/1,4.35%
1960/6/1,4.15%
1960/7/1,3.90%
1960/8/1,3.80%
1960/9/1,3.80%
1960/10/1,3.89%
1960/11/1,3.93%
1960/12/1,3.84%
1961/1/1,3.84%
1961/2/1,3.78%
1961/3/1,3.74%
1961/4/1,3.78%
1961/5/1,3.71%
1961/6/1,3.88%
1961/7/1,3.92%
1961/8/1,4.04%
1961/9/1,3.98%
1961/10/1,3.92%
1961/11/1,3.94%
1961/12/1,4.06%
1962/1/1,4.08%
1962/2/1,4.04%
1962/3/1,3.93%
1962/4/1,3.84%
1962/5/1,3.87%
1962/6/1,3.91%
1962/7/1,4.01%
1962/8/1,3.98%
1962/9/1,3.98%
1962/10/1,3.93%
1962/11/1,3.92%
1962/12/1,3.86%
1963/1/1,3.83%
1963/2/1,3.92%
1963/3/1,3.93%
1963/4/1,3.97%
1963/5/1,3.93%
1963/6/1,3.99%
1963/7/1,4.02%
1963/8/1,4.00%
1963/9/1,4.08%
1963/10/1,4.11%
1963/11/1,4.12%
1963/12/1,4.13%
1964/1/1,4.17%
1964/2/1,4.15%
1964/3/1,4.22%
1964/4/1,4.23%
1964/5/1,4.20%
1964/6/1,4.17%
1964/7/1,4.19%
1964/8/1,4.19%
1964/9/1,4.20%
1964/10/1,4.19%
1964/11/1,4.15%
1964/12/1,4.18%
1965/1/1,4.19%
1965/2/1,4.21%
1965/3/1,4.21%
1965/4/1,4.20%
1965/5/1,4.21%
1965/6/1,4.21%
1965/7/1,4.20%
1965/8/1,4.25%
1965/9/1,4.29%
1965/10/1,4.35%
1965/11/1,4.45%
1965/12/1,4.62%
1966/1/1,4.61%
1966/2/1,4.83%
1966/3/1,4.87%
1966/4/1,4.75%
1966/5/1,4.78%
1966/6/1,4.81%
1966/7/1,5.02%
1966/8/1,5.22%
1966/9/1,5.18%
1966/10/1,5.01%
1966/11/1,5.16%
1966/12/1,4.84%
1967/1/1,4.58%
1967/2/1,4.63%
1967/3/1,4.54%
1967/4/1,4.59%
1967/5/1,4.85%
1967/6/1,5.02%
1967/7/1,5.16%
1967/8/1,5.28%
1967/9/1,5.30%
1967/10/1,5.48%
1967/11/1,5.75%
1967/12/1,5.70%
1968/1/1,5.53%
1968/2/1,5.56%
1968/3/1,5.74%
1968/4/1,5.64%
1968/5/1,5.87%
1968/6/1,5.72%
1968/7/1,5.50%
1968/8/1,5.42%
1968/9/1,5.46%
1968/10/1,5.58%
1968/11/1,5.70%
1968/12/1,6.03%
1969/1/1,6.04%
1969/2/1,6.19%
1969/3/1,6.30%
1969/4/1,6.17%
1969/5/1,6.32%
1969/6/1,6.57%
1969/7/1,6.72%
1969/8/1,6.69%
1969/9/1,7.16%
1969/10/1,7.10%
1969/11/1,7.14%
1969/12/1,7.65%
1970/1/1,7.79%
1970/2/1,7.24%
1970/3/1,7.07%
1970/4/1,7.39%
1970/5/1,7.91%
1970/6/1,7.84%
1970/7/1,7.46%
1970/8/1,7.53%
1970/9/1,7.39%
1970/10/1,7.33%
1970/11/1,6.84%
1970/12/1,6.39%
1971/1/1,6.24%
1971/2/1,6.11%
1971/3/1,5.70%
1971/4/1,5.83%
1971/5/1,6.39%
1971/6/1,6.52%
1971/7/1,6.73%
1971/8/1,6.58%
1971/9/1,6.14%
1971/10/1,5.93%
1971/11/1,5.81%
1971/12/1,5.93%
1972/1/1,5.95%
1972/2/1,6.08%
1972/3/1,6.07%
1972/4/1,6.19%
1972/5/1,6.13%
1972/6/1,6.11%
1972/7/1,6.11%
1972/8/1,6.21%
1972/9/1,6.55%
1972/10/1,6.48%
1972/11/1,6.28%
1972/12/1,6.36%
1973/1/1,6.46%
1973/2/1,6.64%
1973/3/1,6.71%
1973/4/1,6.67%
1973/5/1,6.85%
1973/6/1,6.90%
1973/7/1,7.13%
1973/8/1,7.40%
1973/9/1,7.09%
1973/10/1,6.79%
1973/11/1,6.73%
1973/12/1,6.74%
1974/1/1,6.99%
1974/2/1,6.96%
1974/3/1,7.21%
1974/4/1,7.51%
1974/5/1,7.58%
1974/6/1,7.54%
1974/7/1,7.81%
1974/8/1,8.04%
1974/9/1,8.04%
1974/10/1,7.90%
1974/11/1,7.68%
1974/12/1,7.43%
1975/1/1,7.50%
1975/2/1,7.39%
1975/3/1,7.73%
1975/4/1,8.23%
1975/5/1,8.06%
1975/6/1,7.86%
1975/7/1,8.06%
1975/8/1,8.40%
1975/9/1,8.43%
1975/10/1,8.14%
1975/11/1,8.05%
1975/12/1,8.00%
1976/1/1,7.74%
1976/2/1,7.79%
1976/3/1,7.73%
1976/4/1,7.56%
1976/5/1,7.90%
1976/6/1,7.86%
1976/7/1,7.83%
1976/8/1,7.77%
1976/9/1,7.59%
1976/10/1,7.41%
1976/11/1,7.29%
1976/12/1,6.87%
1977/1/1,7.21%
1977/2/1,7.39%
1977/3/1,7.46%
1977/4/1,7.37%
1977/5/1,7.46%
1977/6/1,7.28%
1977/7/1,7.33%
1977/8/1,7.40%
1977/9/1,7.34%
1977/10/1,7.52%
1977/11/1,7.58%
1977/12/1,7.69%
1978/1/1,7.96%
1978/2/1,8.03%
1978/3/1,8.04%
1978/4/1,8.15%
1978/5/1,8.35%
1978/6/1,8.46%
1978/7/1,8.64%
1978/8/1,8.41%
1978/9/1,8.42%
1978/10/1,8.64%
1978/11/1,8.81%
1978/12/1,9.01%
1979/1/1,9.10%
1979/2/1,9.10%
1979/3/1,9.12%
1979/4/1,9.18%
1979/5/1,9.25%
1979/6/1,8.91%
1979/7/1,8.95%
1979/8/1,9.03%
1979/9/1,9.33%
1979/10/1,10.30%
1979/11/1,10.65%
1979/12/1,10.39%
1980/1/1,10.80%
1980/2/1,12.41%
1980/3/1,12.75%
1980/4/1,11.47%
1980/5/1,10.18%
1980/6/1,9.78%
1980/7/1,10.25%
1980/8/1,11.10%
1980/9/1,11.51%
1980/10/1,11.75%
1980/11/1,12.68%
1980/12/1,12.84%
1981/1/1,12.57%
1981/2/1,13.19%
1981/3/1,13.12%
1981/4/1,13.68%
1981/5/1,14.10%
1981/6/1,13.47%
1981/7/1,14.28%
1981/8/1,14.94%
1981/9/1,15.32%
1981/10/1,15.15%
1981/11/1,13.39%
1981/12/1,13.72%
1982/1/1,14.59%
1982/2/1,14.43%
1982/3/1,13.86%
1982/4/1,13.87%
1982/5/1,13.62%
1982/6/1,14.30%
1982/7/1,13.95%
1982/8/1,13.06%
1982/9/1,12.34%
1982/10/1,10.91%
1982/11/1,10.55%
1982/12/1,10.54%
1983/1/1,10.46%
1983/2/1,10.72%
1983/3/1,10.51%
1983/4/1,10.40%
1983/5/1,10.38%
1983/6/1,10.85%
1983/7/1,11.38%
1983/8/1,11.85%
1983/9/1,11.65%
1983/10/1,11.54%
1983/11/1,11.69%
1983/12/1,11.83%
1984/1/1,11.67%
1984/2/1,11.84%
1984/3/1,12.32%
1984/4/1,12.63%
1984/5/1,13.41%
1984/6/1,13.56%
1984/7/1,13.36%
1984/8/1,12.72%
1984/9/1,12.52%
1984/10/1,12.16%
1984/11/1,11.57%
1984/12/1,11.50%
1985/1/1,11.38%
1985/2/1,11.51%
1985/3/1,11.86%
1985/4/1,11.43%
1985/5/1,10.85%
1985/6/1,10.16%
1985/7/1,10.31%
1985/8/1,10.33%
1985/9/1,10.37%
1985/10/1,10.24%
1985/11/1,9.78%
1985/12/1,9.26%
1986/1/1,9.19%
1986/2/1,8.70%
1986/3/1,7.78%
1986/4/1,7.30%
1986/5/1,7.71%
1986/6/1,7.80%
1986/7/1,7.30%
1986/8/1,7.17%
1986/9/1,7.45%
1986/10/1,7.43%
1986/11/1,7.25%
1986/12/1,7.11%
1987/1/1,7.08%
1987/2/1,7.25%
1987/3/1,7.25%
1987/4/1,8.02%
1987/5/1,8.61%
1987/6/1,8.40%
1987/7/1,8.45%
1987/8/1,8.76%
1987/9/1,9.42%
1987/10/1,9.52%
1987/11/1,8.86%
1987/12/1,8.99%
1988/1/1,8.67%
1988/2/1,8.21%
1988/3/1,8.37%
1988/4/1,8.72%
1988/5/1,9.09%
1988/6/1,8.92%
1988/7/1,9.06%
1988/8/1,9.26%
1988/9/1,8.98%
1988/10/1,8.80%
1988/11/1,8.96%
1988/12/1,9.11%
1989/1/1,9.09%
1989/2/1,9.17%
1989/3/1,9.36%
1989/4/1,9.18%
1989/5/1,8.86%
1989/6/1,8.28%
1989/7/1,8.02%
1989/8/1,8.11%
1989/9/1,8.19%
1989/10/1,8.01%
1989/11/1,7.87%
1989/12/1,7.84%
1990/1/1,8.21%
1990/2/1,8.47%
1990/3/1,8.59%
1990/4/1,8.79%
1990/5/1,8.76%
1990/6/1,8.48%
1990/7/1,8.47%
1990/8/1,8.75%
1990/9/1,8.89%
1990/10/1,8.72%
1990/11/1,8.39%
1990/12/1,8.07%
1991/1/1,8.09%
1991/2/1,7.85%
1991/3/1,8.11%
1991/4/1,8.04%
1991/5/1,8.07%
1991/6/1,8.28%
1991/7/1,8.27%
1991/8/1,7.90%
1991/9/1,7.65%
1991/10/1,7.53%
1991/11/1,7.42%
1991/12/1,7.09%
1992/1/1,7.03%
1992/2/1,7.34%
1992/3/1,7.54%
1992/4/1,7.48%
1992/5/1,7.39%
1992/6/1,7.26%
1992/7/1,6.84%
1992/8/1,6.59%
1992/9/1,6.42%
1992/10/1,6.59%
1992/11/1,6.87%
1992/12/1,6.77%
1993/1/1,6.60%
1993/2/1,6.26%
1993/3/1,5.98%
1993/4/1,5.97%
1993/5/1,6.04%
1993/6/1,5.96%
1993/7/1,5.81%
1993/8/1,5.68%
1993/9/1,5.36%
1993/10/1,5.33%
1993/11/1,5.72%
1993/12/1,5.77%
1994/1/1,5.75%
1994/2/1,5.97%
1994/3/1,6.48%
1994/4/1,6.97%
1994/5/1,7.18%
1994/6/1,7.10%
1994/7/1,7.30%
1994/8/1,7.24%
1994/9/1,7.46%
1994/10/1,7.74%
1994/11/1,7.95%
1994/12/1,7.81%
1995/1/1,7.78%
1995/2/1,7.47%
1995/3/1,7.20%
1995/4/1,7.06%
1995/5/1,6.63%
1995/6/1,6.17%
1995/7/1,6.28%
1995/8/1,6.49%
1995/9/1,6.20%
1995/10/1,6.04%
1995/11/1,5.93%
1995/12/1,5.71%
1996/1/1,5.65%
1996/2/1,5.81%
1996/3/1,6.27%
1996/4/1,6.51%
1996/5/1,6.74%
1996/6/1,6.91%
1996/7/1,6.87%
1996/8/1,6.64%
1996/9/1,6.83%
1996/10/1,6.53%
1996/11/1,6.20%
1996/12/1,6.30%
1997/1/1,6.58%
1997/2/1,6.42%
1997/3/1,6.69%
1997/4/1,6.89%
1997/5/1,6.71%
1997/6/1,6.49%
1997/7/1,6.22%
1997/8/1,6.30%
1997/9/1,6.21%
1997/10/1,6.03%
1997/11/1,5.88%
1997/12/1,5.81%
1998/1/1,5.54%
1998/2/1,5.57%
1998/3/1,5.65%
1998/4/1,5.64%
1998/5/1,5.65%
1998/6/1,5.50%
1998/7/1,5.46%
1998/8/1,5.34%
1998/9/1,4.81%
1998/10/1,4.53%
1998/11/1,4.83%
1998/12/1,4.64%
1999/1/1,4.72%
1999/2/1,5.00%
1999/3/1,5.23%
1999/4/1,5.18%
1999/5/1,5.54%
1999/6/1,5.90%
1999/7/1,5.79%
1999/8/1,5.94%
1999/9/1,5.92%
1999/10/1,6.11%
1999/11/1,6.03%
1999/12/1,6.28%
2000/1/1,6.66%
2000/2/1,6.52%
2000/3/1,6.26%
2000/4/1,5.99%
2000/5/1,6.44%
2000/6/1,6.10%
2000/7/1,6.05%
2000/8/1,5.83%
2000/9/1,5.80%
2000/10/1,5.74%
2000/11/1,5.72%
2000/12/1,5.24%
2001/1/1,5.16%
2001/2/1,5.10%
2001/3/1,4.89%
2001/4/1,5.14%
2001/5/1,5.39%
2001/6/1,5.28%
2001/7/1,5.24%
2001/8/1,4.97%
2001/9/1,4.73%
2001/10/1,4.57%
2001/11/1,4.65%
2001/12/1,5.09%
2002/1/1,5.04%
2002/2/1,4.91%
2002/3/1,5.28%
2002/4/1,5.21%
2002/5/1,5.16%
2002/6/1,4.93%
2002/7/1,4.65%
2002/8/1,4.26%
2002/9/1,3.87%
2002/10/1,3.94%
2002/11/1,4.05%
2002/12/1,4.03%
2003/1/1,4.05%
2003/2/1,3.90%
2003/3/1,3.81%
2003/4/1,3.96%
2003/5/1,3.57%
2003/6/1,3.33%
2003/7/1,3.98%
2003/8/1,4.45%
2003/9/1,4.27%
2003/10/1,4.29%
2003/11/1,4.30%
2003/12/1,4.27%
2004/1/1,4.15%
2004/2/1,4.08%
2004/3/1,3.83%
2004/4/1,4.35%
2004/5/1,4.72%
2004/6/1,4.73%
2004/7/1,4.50%
2004/8/1,4.28%
2004/9/1,4.13%
2004/10/1,4.10%
2004/11/1,4.19%
2004/12/1,4.23%
2005/1/1,4.22%
2005/2/1,4.17%
2005/3/1,4.50%
2005/4/1,4.34%
2005/5/1,4.14%
2005/6/1,4.00%
2005/7/1,4.18%
2005/8/1,4.26%
2005/9/1,4.20%
2005/10/1,4.46%
2005/11/1,4.53%
2005/12/1,4.47%
2006/1/1,4.42%
2006/2/1,4.57%
2006/3/1,4.72%
2006/4/1,4.99%
2006/5/1,5.11%
2006/6/1,5.11%
2006/7/1,5.09%
2006/8/1,4.88%
2006/9/1,4.72%
2006/10/1,4.73%
2006/11/1,4.60%
2006/12/1,4.56%
2007/1/1,4.76%
2007/2/1,4.72%
2007/3/1,4.56%
2007/4/1,4.69%
2007/5/1,4.75%
2007/6/1,5.10%
2007/7/1,5.00%
2007/8/1,4.67%
2007/9/1,4.52%
2007/10/1,4.53%
2007/11/1,4.15%
2007/12/1,4.10%
2008/1/1,3.74%
2008/2/1,3.74%
2008/3/1,3.51%
2008/4/1,3.67%
2008/5/1,3.88%
2008/6/1,4.10%
2008/7/1,4.01%
2008/8/1,3.89%
2008/9/1,3.69%
2008/10/1,3.81%
2008/11/1,3.53%
2008/12/1,2.42%
2009/1/1,2.52%
2009/2/1,2.87%
2009/3/1,2.82%
2009/4/1,2.93%
2009/5/1,3.29%
2009/6/1,3.72%
2009/7/1,3.56%
2009/8/1,3.59%
2009/9/1,3.40%
2009/10/1,3.39%
2009/11/1,3.40%
2009/12/1,3.59%
2010/1/1,3.73%
2010/2/1,3.69%
2010/3/1,3.73%
2010/4/1,3.85%
2010/5/1,3.42%
2010/6/1,3.20%
2010/7/1,3.01%
2010/8/1,2.70%
2010/9/1,2.65%
2010/10/1,2.54%
2010/11/1,2.76%
2010/12/1,3.29%
2011/1/1,3.39%
2011/2/1,3.58%
2011/3/1,3.41%
2011/4/1,3.45%
2011/5/1,3.17%
2011/6/1,3.00%
2011/7/1,3.00%
2011/8/1,2.30%
2011/9/1,1.98%
2011/10/1,2.15%
2011/11/1,2.01%
2011/12/1,1.98%
2012/1/1,1.97%
2012/2/1,1.97%
2012/3/1,2.17%
2012/4/1,2.05%
2012/5/1,1.80%
2012/6/1,1.62%
2012/7/1,1.53%
2012/8/1,1.68%
2012/9/1,1.72%
2012/10/1,1.75%
2012/11/1,1.65%
2012/12/1,1.72%
2013/1/1,1.91%
2013/2/1,1.98%
2013/3/1,1.96%
2013/4/1,1.76%
2013/5/1,1.93%
2013/6/1,2.30%
2013/7/1,2.58%
2013/8/1,2.74%
2013/9/1,2.81%
2013/10/1,2.62%
2013/11/1,2.72%
2013/12/1,2.90%
2014/1/1,2.86%
2014/2/1,2.71%
2014/3/1,2.72%
2014/4/1,2.71%
2014/5/1,2.56%
2014/6/1,2.60%
2014/7/1,2.54%
2014/8/1,2.42%
2014/9/1,2.53%
2014/10/1,2.30%
2014/11/1,2.33%
2014/12/1,2.21%
2015/1/1,1.88%
2015/2/1,1.98%
2015/3/1,2.04%
2015/4/1,1.93%
2015/5/1,2.20%
2015/6/1,2.36%
2015/7/1,2.32%
2015/8/1,2.17%
2015/9/1,2.17%
2015/10/1,2.07%
2015/11/1,2.26%
2015/12/1,2.24%
2016/1/1,2.09%
2016/2/1,1.78%
2016/3/1,1.89%
2016/4/1,1.81%
2016/5/1,1.81%
2016/6/1,1.64%
2016/7/1,1.50%
2016/8/1,1.56%
2016/9/1,1.63%
2016/10/1,1.76%
2016/11/1,2.14%
2016/12/1,2.49%
2017/1/1,2.43%
2017/2/1,2.42%
2017/3/1,2.48%
2017/4/1,2.18%
2017/5/1,2.30%
2017/6/1,2.19%
2017/7/1,2.32%
2017/8/1,2.21%
2017/9/1,2.20%
2017/10/1,2.36%
2017/11/1,2.35%
2017/12/1,2.40%
2018/1/1,2.58%
2018/2/1,2.86%
2018/3/1,2.84%
2018/4/1,2.87%
2018/5/1,2.98%
2018/6/1,2.91%
2018/7/1,2.89%
2018/8/1,2.89%
2018/9/1,3.00%
2018/10/1,3.15%
2018/11/1,3.12%
2018/12/1,2.83%
2019/1/1,2.71%
2019/2/1,2.68%
2019/3/1,2.57%
2019/4/1,2.53%
2019/5/1,2.39%
2019/6/1,2.07%
2019/7/1,2.06%
2019/8/1,1.63%
2019/9/1,1.70%
2019/10/1,1.71%
2019/11/1,1.81%
2019/12/1,1.86%
2020/1/1,1.76%
2020/2/1,1.58%
"Apr 1, 1871",5.33%
"Apr 1, 1872",5.41%
"Apr 1, 1873",5.55%
"Apr 1, 1874",5.37%
"Apr 1, 1875",4.95%
"Apr 1, 1876",4.55%
"Apr 1, 1877",4.42%
"Apr 1, 1878",4.31%
"Apr 1, 1879",4.17%
"Apr 1, 1880",3.94%
"Apr 1, 1881",3.68%
"Apr 1, 1882",3.62%
"Apr 1, 1883",3.63%
"Apr 1, 1884",3.60%
"Apr 1, 1885",3.48%
"Apr 1, 1886",3.41%
"Apr 1, 1887",3.56%
"Apr 1, 1888",3.62%
"Apr 1, 1889",3.44%
"Apr 1, 1890",3.47%
"Apr 1, 1891",3.62%
"Apr 1, 1892",3.64%
"Apr 1, 1893",3.74%
"Apr 1, 1894",3.64%
"Apr 1, 1895",3.49%
"Apr 1, 1896",3.55%
"Apr 1, 1897",3.39%
"Apr 1, 1898",3.29%
"Apr 1, 1899",3.11%
"Aug 1, 1871",5.34%
"Aug 1, 1872",5.49%
"Aug 1, 1873",5.52%
"Aug 1, 1874",5.24%
"Aug 1, 1875",4.79%
"Aug 1, 1876",4.51%
"Aug 1, 1877",4.39%
"Aug 1, 1878",4.27%
"Aug 1, 1879",4.10%
"Aug 1, 1880",3.83%
"Aug 1, 1881",3.65%
"Aug 1, 1882",3.63%
"Aug 1, 1883",3.62%
"Aug 1, 1884",3.56%
"Aug 1, 1885",3.43%
"Aug 1, 1886",3.46%
"Aug 1, 1887",3.61%
"Aug 1, 1888",3.54%
"Aug 1, 1889",3.43%
"Aug 1, 1890",3.54%
"Aug 1, 1891",3.61%
"Aug 1, 1892",3.69%
"Aug 1, 1893",3.72%
"Aug 1, 1894",3.56%
"Aug 1, 1895",3.54%
"Aug 1, 1896",3.48%
"Aug 1, 1897",3.37%
"Aug 1, 1898",3.20%
"Aug 1, 1899",3.13%
"Dec 1, 1871",5.36%
"Dec 1, 1872",5.56%
"Dec 1, 1873",5.48%
"Dec 1, 1874",5.10%
"Dec 1, 1875",4.63%
"Dec 1, 1876",4.46%
"Dec 1, 1877",4.35%
"Dec 1, 1878",4.23%
"Dec 1, 1879",4.04%
"Dec 1, 1880",3.73%
"Dec 1, 1881",3.63%
"Dec 1, 1882",3.63%
"Dec 1, 1883",3.62%
"Dec 1, 1884",3.53%
"Dec 1, 1885",3.38%
"Dec 1, 1886",3.51%
"Dec 1, 1887",3.66%
"Dec 1, 1888",3.47%
"Dec 1, 1889",3.42%
"Dec 1, 1890",3.60%
"Dec 1, 1891",3.60%
"Dec 1, 1892",3.74%
"Dec 1, 1893",3.70%
"Dec 1, 1894",3.48%
"Dec 1, 1895",3.59%
"Dec 1, 1896",3.42%
"Dec 1, 1897",3.35%
"Dec 1, 1898",3.12%
"Dec 1, 1899",3.15%
"Feb 1, 1871",5.32%
"Feb 1, 1872",5.38%
"Feb 1, 1873",5.57%
"Feb 1, 1874",5.44%
"Feb 1, 1875",5.03%
"Feb 1, 1876",4.58%
"Feb 1, 1877",4.44%
"Feb 1, 1878",4.33%
"Feb 1, 1879",4.20%
"Feb 1, 1880",3.99%
"Feb 1, 1881",3.69%
"Feb 1, 1882",3.62%
"Feb 1, 1883",3.63%
"Feb 1, 1884",3.61%
"Feb 1, 1885",3.51%
"Feb 1, 1886",3.38%
"Feb 1, 1887",3.53%
"Feb 1, 1888",3.65%
"Feb 1, 1889",3.45%
"Feb 1, 1890",3.44%
"Feb 1, 1891",3.62%
"Feb 1, 1892",3.61%
"Feb 1, 1893",3.75%
"Feb 1, 1894",3.68%
"Feb 1, 1895",3.47%
"Feb 1, 1896",3.58%
"Feb 1, 1897",3.40%
"Feb 1, 1898",3.33%
"Feb 1, 1899",3.10%
"Jan 1, 1871",5.32%
"Jan 1, 1872",5.36%
"Jan 1, 1873",5.58%
"Jan 1, 1874",5.47%
"Jan 1, 1875",5.07%
"Jan 1, 1876",4.59%
"Jan 1, 1877",4.45%
"Jan 1, 1878",4.34%
"Jan 1, 1879",4.22%
"Jan 1, 1880",4.02%
"Jan 1, 1881",3.70%
"Jan 1, 1882",3.62%
"Jan 1, 1883",3.63%
"Jan 1, 1884",3.62%
"Jan 1, 1885",3.52%
"Jan 1, 1886",3.37%
"Jan 1, 1887",3.52%
"Jan 1, 1888",3.67%
"Jan 1, 1889",3.45%
"Jan 1, 1890",3.42%
"Jan 1, 1891",3.62%
"Jan 1, 1892",3.60%
"Jan 1, 1893",3.75%
"Jan 1, 1894",3.70%
"Jan 1, 1895",3.46%
"Jan 1, 1896",3.60%
"Jan 1, 1897",3.40%
"Jan 1, 1898",3.35%
"Jan 1, 1899",3.10%
"Jul 1, 1871",5.34%
"Jul 1, 1872",5.47%
"Jul 1, 1873",5.53%
"Jul 1, 1874",5.27%
"Jul 1, 1875",4.83%
"Jul 1, 1876",4.52%
"Jul 1, 1877",4.39%
"Jul 1, 1878",4.28%
"Jul 1, 1879",4.12%
"Jul 1, 1880",3.86%
"Jul 1, 1881",3.66%
"Jul 1, 1882",3.62%
"Jul 1, 1883",3.62%
"Jul 1, 1884",3.57%
"Jul 1, 1885",3.44%
"Jul 1, 1886",3.44%
"Jul 1, 1887",3.60%
"Jul 1, 1888",3.56%
"Jul 1, 1889",3.43%
"Jul 1, 1890",3.52%
"Jul 1, 1891",3.61%
"Jul 1, 1892",3.67%
"Jul 1, 1893",3.72%
"Jul 1, 1894",3.58%
"Jul 1, 1895",3.53%
"Jul 1, 1896",3.50%
"Jul 1, 1897",3.38%
"Jul 1, 1898",3.22%
"Jul 1, 1899",3.12%
"Jun 1, 1871",5.34%
"Jun 1, 1872",5.45%
"Jun 1, 1873",5.53%
"Jun 1, 1874",5.30%
"Jun 1, 1875",4.87%
"Jun 1, 1876",4.53%
"Jun 1, 1877",4.40%
"Jun 1, 1878",4.29%
"Jun 1, 1879",4.14%
"Jun 1, 1880",3.89%
"Jun 1, 1881",3.67%
"Jun 1, 1882",3.62%
"Jun 1, 1883",3.63%
"Jun 1, 1884",3.58%
"Jun 1, 1885",3.46%
"Jun 1, 1886",3.43%
"Jun 1, 1887",3.58%
"Jun 1, 1888",3.58%
"Jun 1, 1889",3.44%
"Jun 1, 1890",3.50%
"Jun 1, 1891",3.61%
"Jun 1, 1892",3.66%
"Jun 1, 1893",3.73%
"Jun 1, 1894",3.60%
"Jun 1, 1895",3.52%
"Jun 1, 1896",3.52%
"Jun 1, 1897",3.38%
"Jun 1, 1898",3.25%
"Jun 1, 1899",3.12%
"Mar 1, 1871",5.33%
"Mar 1, 1872",5.40%
"Mar 1, 1873",5.56%
"Mar 1, 1874",5.40%
"Mar 1, 1875",4.99%
"Mar 1, 1876",4.57%
"Mar 1, 1877",4.43%
"Mar 1, 1878",4.32%
"Mar 1, 1879",4.19%
"Mar 1, 1880",3.97%
"Mar 1, 1881",3.69%
"Mar 1, 1882",3.62%
"Mar 1, 1883",3.63%
"Mar 1, 1884",3.60%
"Mar 1, 1885",3.49%
"Mar 1, 1886",3.39%
"Mar 1, 1887",3.55%
"Mar 1, 1888",3.63%
"Mar 1, 1889",3.44%
"Mar 1, 1890",3.45%
"Mar 1, 1891",3.62%
"Mar 1, 1892",3.62%
"Mar 1, 1893",3.74%
"Mar 1, 1894",3.66%
"Mar 1, 1895",3.48%
"Mar 1, 1896",3.57%
"Mar 1, 1897",3.39%
"Mar 1, 1898",3.31%
"Mar 1, 1899",3.11%
"May 1, 1871",5.33%
"May 1, 1872",5.43%
"May 1, 1873",5.54%
"May 1, 1874",5.34%
"May 1, 1875",4.91%
"May 1, 1876",4.54%
"May 1, 1877",4.41%
"May 1, 1878",4.30%
"May 1, 1879",4.15%
"May 1, 1880",3.91%
"May 1, 1881",3.67%
"May 1, 1882",3.62%
"May 1, 1883",3.63%
"May 1, 1884",3.59%
"May 1, 1885",3.47%
"May 1, 1886",3.42%
"May 1, 1887",3.57%
"May 1, 1888",3.60%
"May 1, 1889",3.44%
"May 1, 1890",3.49%
"May 1, 1891",3.61%
"May 1, 1892",3.65%
"May 1, 1893",3.73%
"May 1, 1894",3.62%
"May 1, 1895",3.51%
"May 1, 1896",3.53%
"May 1, 1897",3.38%
"May 1, 1898",3.27%
"May 1, 1899",3.12%
"Nov 1, 1871",5.35%
"Nov 1, 1872",5.54%
"Nov 1, 1873",5.49%
"Nov 1, 1874",5.14%
"Nov 1, 1875",4.67%
"Nov 1, 1876",4.47%
"Nov 1, 1877",4.36%
"Nov 1, 1878",4.24%
"Nov 1, 1879",4.05%
"Nov 1, 1880",3.75%
"Nov 1, 1881",3.63%
"Nov 1, 1882",3.63%
"Nov 1, 1883",3.62%
"Nov 1, 1884",3.54%
"Nov 1, 1885",3.39%
"Nov 1, 1886",3.49%
"Nov 1, 1887",3.64%
"Nov 1, 1888",3.49%
"Nov 1, 1889",3.42%
"Nov 1, 1890",3.59%
"Nov 1, 1891",3.60%
"Nov 1, 1892",3.72%
"Nov 1, 1893",3.71%
"Nov 1, 1894",3.50%
"Nov 1, 1895",3.58%
"Nov 1, 1896",3.43%
"Nov 1, 1897",3.36%
"Nov 1, 1898",3.14%
"Nov 1, 1899",3.14%
"Oct 1, 1871",5.35%
"Oct 1, 1872",5.53%
"Oct 1, 1873",5.50%
"Oct 1, 1874",5.17%
"Oct 1, 1875",4.71%
"Oct 1, 1876",4.49%
"Oct 1, 1877",4.37%
"Oct 1, 1878",4.25%
"Oct 1, 1879",4.07%
"Oct 1, 1880",3.78%
"Oct 1, 1881",3.64%
"Oct 1, 1882",3.63%
"Oct 1, 1883",3.62%
"Oct 1, 1884",3.55%
"Oct 1, 1885",3.41%
"Oct 1, 1886",3.48%
"Oct 1, 1887",3.63%
"Oct 1, 1888",3.51%
"Oct 1, 1889",3.43%
"Oct 1, 1890",3.57%
"Oct 1, 1891",3.61%
"Oct 1, 1892",3.71%
"Oct 1, 1893",3.71%
"Oct 1, 1894",3.52%
"Oct 1, 1895",3.57%
"Oct 1, 1896",3.45%
"Oct 1, 1897",3.36%
"Oct 1, 1898",3.16%
"Oct 1, 1899",3.14%
"Sep 1, 1871",5.35%
"Sep 1, 1872",5.51%
"Sep 1, 1873",5.51%
"Sep 1, 1874",5.20%
"Sep 1, 1875",4.75%
"Sep 1, 1876",4.50%
"Sep 1, 1877",4.38%
"Sep 1, 1878",4.26%
"Sep 1, 1879",4.09%
"Sep 1, 1880",3.81%
"Sep 1, 1881",3.65%
"Sep 1, 1882",3.63%
"Sep 1, 1883",3.62%
"Sep 1, 1884",3.55%
"Sep 1, 1885",3.42%
"Sep 1, 1886",3.47%
"Sep 1, 1887",3.62%
"Sep 1, 1888",3.52%
"Sep 1, 1889",3.43%
"Sep 1, 1890",3.55%
"Sep 1, 1891",3.61%
"Sep 1, 1892",3.70%
"Sep 1, 1893",3.72%
"Sep 1, 1894",3.54%
"Sep 1, 1895",3.55%
"Sep 1, 1896",3.47%
"Sep 1, 1897",3.37%
"Sep 1, 1898",3.18%
"Sep 1, 1899",3.13%
